users,edges,source_id,target_id,degree_items,component_count,path_length,insert_seconds,construction_seconds,degree_seconds,scc_seconds,path_seconds
20,100,3,1,20,2,2,7.100000038917642e-05,0.0005206000005273381,9.800000043469481e-06,3.429999924264848e-05,1.1399999493733048e-05
100,500,49,75,100,2,3,0.0008887999993021367,0.00561569999990752,3.509999987727497e-05,0.00014039999950909987,1.5699999494245276e-05
500,2500,101,467,500,3,4,0.029830899999069516,0.13774050000029092,0.00010820000170497224,0.0007165000006352784,5.669999882229604e-05
